{
    "1": {
        "mean": 0.2694,
        "max": 0.284,
        "min": 0.256,
        "all": [
            0.256,
            0.258,
            0.278,
            0.282,
            0.266,
            0.268,
            0.284,
            0.272,
            0.27,
            0.26
        ]
    },
    "2": {
        "mean": 0.3266,
        "max": 0.336,
        "min": 0.308,
        "all": [
            0.336,
            0.33,
            0.324,
            0.322,
            0.33,
            0.318,
            0.328,
            0.336,
            0.334,
            0.308
        ]
    },
    "4": {
        "mean": 0.3604,
        "max": 0.382,
        "min": 0.334,
        "all": [
            0.356,
            0.356,
            0.342,
            0.368,
            0.382,
            0.366,
            0.334,
            0.35,
            0.38,
            0.37
        ]
    },
    "8": {
        "mean": 0.3764,
        "max": 0.39,
        "min": 0.354,
        "all": [
            0.39,
            0.38,
            0.372,
            0.354,
            0.36,
            0.382,
            0.386,
            0.384,
            0.378,
            0.378
        ]
    },
    "16": {
        "mean": 0.38,
        "max": 0.388,
        "min": 0.356,
        "all": [
            0.378,
            0.356,
            0.368,
            0.388,
            0.382,
            0.378,
            0.388,
            0.388,
            0.388,
            0.386
        ]
    },
    "32": {
        "mean": 0.38580000000000003,
        "max": 0.402,
        "min": 0.362,
        "all": [
            0.388,
            0.394,
            0.362,
            0.402,
            0.368,
            0.396,
            0.376,
            0.394,
            0.378,
            0.4
        ]
    },
    "64": {
        "mean": 0.39,
        "max": 0.41,
        "min": 0.366,
        "all": [
            0.406,
            0.41,
            0.402,
            0.374,
            0.382,
            0.386,
            0.384,
            0.408,
            0.366,
            0.382
        ]
    },
    "128": {
        "mean": 0.3816,
        "max": 0.392,
        "min": 0.372,
        "all": [
            0.374,
            0.392,
            0.376,
            0.372,
            0.376,
            0.386,
            0.388,
            0.386,
            0.388,
            0.378
        ]
    },
    "256": {
        "mean": 0.38580000000000003,
        "max": 0.392,
        "min": 0.382,
        "all": [
            0.392,
            0.386,
            0.386,
            0.382,
            0.386,
            0.386,
            0.382,
            0.386,
            0.384,
            0.388
        ]
    }
}