{
    "1": {
        "mean": 0.2694,
        "max": 0.284,
        "min": 0.256,
        "all": [
            0.256,
            0.258,
            0.278,
            0.282,
            0.266,
            0.268,
            0.284,
            0.272,
            0.27,
            0.26
        ]
    },
    "2": {
        "mean": 0.32419999999999993,
        "max": 0.342,
        "min": 0.304,
        "all": [
            0.336,
            0.316,
            0.32,
            0.33,
            0.332,
            0.314,
            0.324,
            0.342,
            0.324,
            0.304
        ]
    },
    "4": {
        "mean": 0.35239999999999994,
        "max": 0.364,
        "min": 0.326,
        "all": [
            0.35,
            0.326,
            0.35,
            0.348,
            0.362,
            0.362,
            0.348,
            0.354,
            0.36,
            0.364
        ]
    },
    "8": {
        "mean": 0.3472,
        "max": 0.37,
        "min": 0.33,
        "all": [
            0.362,
            0.334,
            0.37,
            0.33,
            0.338,
            0.348,
            0.332,
            0.358,
            0.338,
            0.362
        ]
    },
    "16": {
        "mean": 0.3408,
        "max": 0.368,
        "min": 0.316,
        "all": [
            0.346,
            0.338,
            0.336,
            0.352,
            0.316,
            0.368,
            0.342,
            0.324,
            0.336,
            0.35
        ]
    },
    "32": {
        "mean": 0.3242,
        "max": 0.342,
        "min": 0.296,
        "all": [
            0.336,
            0.342,
            0.32,
            0.332,
            0.296,
            0.334,
            0.3,
            0.33,
            0.318,
            0.334
        ]
    },
    "64": {
        "mean": 0.28740000000000004,
        "max": 0.306,
        "min": 0.256,
        "all": [
            0.286,
            0.272,
            0.306,
            0.278,
            0.292,
            0.292,
            0.304,
            0.29,
            0.298,
            0.256
        ]
    },
    "128": {
        "mean": 0.25060000000000004,
        "max": 0.286,
        "min": 0.234,
        "all": [
            0.286,
            0.25,
            0.246,
            0.242,
            0.242,
            0.252,
            0.254,
            0.244,
            0.256,
            0.234
        ]
    },
    "256": {
        "mean": 0.2192,
        "max": 0.224,
        "min": 0.212,
        "all": [
            0.222,
            0.218,
            0.222,
            0.216,
            0.22,
            0.212,
            0.222,
            0.216,
            0.224,
            0.22
        ]
    }
}