{
    "1": {
        "mean": 0.2694,
        "max": 0.284,
        "min": 0.256,
        "all": [
            0.256,
            0.258,
            0.278,
            0.282,
            0.266,
            0.268,
            0.284,
            0.272,
            0.27,
            0.26
        ]
    },
    "2": {
        "mean": 0.32659999999999995,
        "max": 0.352,
        "min": 0.304,
        "all": [
            0.318,
            0.328,
            0.324,
            0.308,
            0.348,
            0.326,
            0.322,
            0.336,
            0.352,
            0.304
        ]
    },
    "4": {
        "mean": 0.3754,
        "max": 0.394,
        "min": 0.354,
        "all": [
            0.384,
            0.354,
            0.386,
            0.382,
            0.38,
            0.366,
            0.366,
            0.368,
            0.394,
            0.374
        ]
    },
    "8": {
        "mean": 0.39960000000000007,
        "max": 0.416,
        "min": 0.384,
        "all": [
            0.416,
            0.39,
            0.404,
            0.396,
            0.384,
            0.392,
            0.398,
            0.402,
            0.406,
            0.408
        ]
    },
    "16": {
        "mean": 0.4276000000000001,
        "max": 0.436,
        "min": 0.412,
        "all": [
            0.43,
            0.412,
            0.432,
            0.424,
            0.428,
            0.428,
            0.422,
            0.434,
            0.43,
            0.436
        ]
    },
    "32": {
        "mean": 0.43739999999999996,
        "max": 0.448,
        "min": 0.426,
        "all": [
            0.43,
            0.434,
            0.426,
            0.428,
            0.446,
            0.444,
            0.446,
            0.432,
            0.448,
            0.44
        ]
    },
    "64": {
        "mean": 0.44699999999999995,
        "max": 0.46,
        "min": 0.436,
        "all": [
            0.45,
            0.44,
            0.438,
            0.442,
            0.448,
            0.46,
            0.452,
            0.458,
            0.436,
            0.446
        ]
    },
    "128": {
        "mean": 0.446,
        "max": 0.458,
        "min": 0.434,
        "all": [
            0.438,
            0.434,
            0.446,
            0.452,
            0.448,
            0.436,
            0.444,
            0.458,
            0.452,
            0.452
        ]
    },
    "256": {
        "mean": 0.454,
        "max": 0.454,
        "min": 0.454,
        "all": [
            0.454,
            0.454,
            0.454,
            0.454,
            0.454,
            0.454,
            0.454,
            0.454,
            0.454,
            0.454
        ]
    }
}