{
    "1": {
        "mean": 0.2694,
        "max": 0.284,
        "min": 0.256,
        "all": [
            0.256,
            0.258,
            0.278,
            0.282,
            0.266,
            0.268,
            0.284,
            0.272,
            0.27,
            0.26
        ]
    },
    "2": {
        "mean": 0.33259999999999995,
        "max": 0.348,
        "min": 0.31,
        "all": [
            0.346,
            0.33,
            0.33,
            0.318,
            0.346,
            0.328,
            0.332,
            0.338,
            0.348,
            0.31
        ]
    },
    "4": {
        "mean": 0.39180000000000004,
        "max": 0.412,
        "min": 0.37,
        "all": [
            0.402,
            0.378,
            0.394,
            0.408,
            0.412,
            0.378,
            0.37,
            0.392,
            0.4,
            0.384
        ]
    },
    "8": {
        "mean": 0.41719999999999996,
        "max": 0.44,
        "min": 0.39,
        "all": [
            0.422,
            0.416,
            0.424,
            0.414,
            0.39,
            0.412,
            0.414,
            0.426,
            0.44,
            0.414
        ]
    },
    "16": {
        "mean": 0.44820000000000004,
        "max": 0.456,
        "min": 0.442,
        "all": [
            0.452,
            0.442,
            0.45,
            0.442,
            0.444,
            0.444,
            0.454,
            0.452,
            0.446,
            0.456
        ]
    },
    "32": {
        "mean": 0.46160000000000007,
        "max": 0.468,
        "min": 0.454,
        "all": [
            0.468,
            0.458,
            0.454,
            0.46,
            0.466,
            0.468,
            0.458,
            0.454,
            0.464,
            0.466
        ]
    },
    "64": {
        "mean": 0.4767999999999999,
        "max": 0.484,
        "min": 0.47,
        "all": [
            0.474,
            0.48,
            0.482,
            0.47,
            0.48,
            0.476,
            0.472,
            0.484,
            0.472,
            0.478
        ]
    },
    "128": {
        "mean": 0.476,
        "max": 0.482,
        "min": 0.466,
        "all": [
            0.48,
            0.474,
            0.474,
            0.482,
            0.472,
            0.474,
            0.478,
            0.48,
            0.466,
            0.48
        ]
    },
    "256": {
        "mean": 0.4779999999999999,
        "max": 0.478,
        "min": 0.478,
        "all": [
            0.478,
            0.478,
            0.478,
            0.478,
            0.478,
            0.478,
            0.478,
            0.478,
            0.478,
            0.478
        ]
    }
}