{
    "1": {
        "mean": 0.2694,
        "max": 0.284,
        "min": 0.256,
        "all": [
            0.256,
            0.258,
            0.278,
            0.282,
            0.266,
            0.268,
            0.284,
            0.272,
            0.27,
            0.26
        ]
    },
    "2": {
        "mean": 0.33519999999999994,
        "max": 0.356,
        "min": 0.312,
        "all": [
            0.346,
            0.33,
            0.338,
            0.318,
            0.356,
            0.332,
            0.332,
            0.34,
            0.348,
            0.312
        ]
    },
    "4": {
        "mean": 0.3936,
        "max": 0.41,
        "min": 0.37,
        "all": [
            0.4,
            0.388,
            0.39,
            0.41,
            0.41,
            0.386,
            0.37,
            0.392,
            0.406,
            0.384
        ]
    },
    "8": {
        "mean": 0.4234,
        "max": 0.438,
        "min": 0.398,
        "all": [
            0.438,
            0.428,
            0.428,
            0.412,
            0.398,
            0.42,
            0.42,
            0.436,
            0.436,
            0.418
        ]
    },
    "16": {
        "mean": 0.45780000000000004,
        "max": 0.476,
        "min": 0.448,
        "all": [
            0.464,
            0.454,
            0.456,
            0.448,
            0.458,
            0.45,
            0.456,
            0.458,
            0.458,
            0.476
        ]
    },
    "32": {
        "mean": 0.4708,
        "max": 0.482,
        "min": 0.46,
        "all": [
            0.474,
            0.468,
            0.46,
            0.474,
            0.466,
            0.476,
            0.464,
            0.468,
            0.476,
            0.482
        ]
    },
    "64": {
        "mean": 0.487,
        "max": 0.5,
        "min": 0.478,
        "all": [
            0.48,
            0.486,
            0.494,
            0.48,
            0.492,
            0.482,
            0.478,
            0.5,
            0.478,
            0.5
        ]
    },
    "128": {
        "mean": 0.48740000000000006,
        "max": 0.496,
        "min": 0.478,
        "all": [
            0.488,
            0.482,
            0.484,
            0.488,
            0.486,
            0.488,
            0.492,
            0.492,
            0.478,
            0.496
        ]
    },
    "256": {
        "mean": 0.4879999999999999,
        "max": 0.488,
        "min": 0.488,
        "all": [
            0.488,
            0.488,
            0.488,
            0.488,
            0.488,
            0.488,
            0.488,
            0.488,
            0.488,
            0.488
        ]
    }
}