{
    "1": {
        "mean": 0.2694,
        "max": 0.284,
        "min": 0.256,
        "all": [
            0.256,
            0.258,
            0.278,
            0.282,
            0.266,
            0.268,
            0.284,
            0.272,
            0.27,
            0.26
        ]
    },
    "2": {
        "mean": 0.32419999999999993,
        "max": 0.342,
        "min": 0.304,
        "all": [
            0.336,
            0.316,
            0.32,
            0.33,
            0.332,
            0.314,
            0.324,
            0.342,
            0.324,
            0.304
        ]
    },
    "4": {
        "mean": 0.3804,
        "max": 0.398,
        "min": 0.352,
        "all": [
            0.376,
            0.364,
            0.388,
            0.388,
            0.382,
            0.388,
            0.352,
            0.376,
            0.398,
            0.392
        ]
    },
    "8": {
        "mean": 0.39380000000000004,
        "max": 0.414,
        "min": 0.368,
        "all": [
            0.402,
            0.388,
            0.404,
            0.396,
            0.368,
            0.394,
            0.394,
            0.39,
            0.414,
            0.388
        ]
    },
    "16": {
        "mean": 0.4196,
        "max": 0.43,
        "min": 0.41,
        "all": [
            0.416,
            0.41,
            0.416,
            0.414,
            0.426,
            0.424,
            0.422,
            0.43,
            0.412,
            0.426
        ]
    },
    "32": {
        "mean": 0.4264,
        "max": 0.44,
        "min": 0.416,
        "all": [
            0.424,
            0.428,
            0.416,
            0.416,
            0.44,
            0.438,
            0.434,
            0.416,
            0.424,
            0.428
        ]
    },
    "64": {
        "mean": 0.44000000000000006,
        "max": 0.446,
        "min": 0.434,
        "all": [
            0.446,
            0.436,
            0.434,
            0.442,
            0.442,
            0.442,
            0.438,
            0.44,
            0.442,
            0.438
        ]
    },
    "128": {
        "mean": 0.4358000000000001,
        "max": 0.446,
        "min": 0.424,
        "all": [
            0.43,
            0.424,
            0.436,
            0.446,
            0.432,
            0.428,
            0.44,
            0.446,
            0.442,
            0.434
        ]
    },
    "256": {
        "mean": 0.438,
        "max": 0.438,
        "min": 0.438,
        "all": [
            0.438,
            0.438,
            0.438,
            0.438,
            0.438,
            0.438,
            0.438,
            0.438,
            0.438,
            0.438
        ]
    }
}