{
    "1": {
        "mean": 0.2694,
        "max": 0.284,
        "min": 0.256,
        "all": [
            0.256,
            0.258,
            0.278,
            0.282,
            0.266,
            0.268,
            0.284,
            0.272,
            0.27,
            0.26
        ]
    },
    "2": {
        "mean": 0.3256,
        "max": 0.346,
        "min": 0.306,
        "all": [
            0.328,
            0.318,
            0.32,
            0.32,
            0.332,
            0.31,
            0.33,
            0.346,
            0.346,
            0.306
        ]
    },
    "4": {
        "mean": 0.376,
        "max": 0.388,
        "min": 0.362,
        "all": [
            0.378,
            0.362,
            0.378,
            0.386,
            0.378,
            0.376,
            0.364,
            0.37,
            0.38,
            0.388
        ]
    },
    "8": {
        "mean": 0.3886,
        "max": 0.4,
        "min": 0.37,
        "all": [
            0.384,
            0.376,
            0.388,
            0.39,
            0.37,
            0.384,
            0.4,
            0.396,
            0.398,
            0.4
        ]
    },
    "16": {
        "mean": 0.4058,
        "max": 0.422,
        "min": 0.382,
        "all": [
            0.408,
            0.382,
            0.422,
            0.402,
            0.408,
            0.41,
            0.398,
            0.414,
            0.4,
            0.414
        ]
    },
    "32": {
        "mean": 0.41719999999999996,
        "max": 0.434,
        "min": 0.398,
        "all": [
            0.398,
            0.41,
            0.416,
            0.408,
            0.428,
            0.434,
            0.426,
            0.42,
            0.414,
            0.418
        ]
    },
    "64": {
        "mean": 0.42800000000000005,
        "max": 0.442,
        "min": 0.412,
        "all": [
            0.426,
            0.412,
            0.42,
            0.426,
            0.432,
            0.442,
            0.432,
            0.43,
            0.436,
            0.424
        ]
    },
    "128": {
        "mean": 0.4302,
        "max": 0.44,
        "min": 0.422,
        "all": [
            0.426,
            0.424,
            0.436,
            0.44,
            0.432,
            0.422,
            0.43,
            0.44,
            0.428,
            0.424
        ]
    },
    "256": {
        "mean": 0.434,
        "max": 0.434,
        "min": 0.434,
        "all": [
            0.434,
            0.434,
            0.434,
            0.434,
            0.434,
            0.434,
            0.434,
            0.434,
            0.434,
            0.434
        ]
    }
}