{
    "1": {
        "mean": 0.2694,
        "max": 0.284,
        "min": 0.256,
        "all": [
            0.256,
            0.258,
            0.278,
            0.282,
            0.266,
            0.268,
            0.284,
            0.272,
            0.27,
            0.26
        ]
    },
    "2": {
        "mean": 0.3266,
        "max": 0.336,
        "min": 0.308,
        "all": [
            0.336,
            0.33,
            0.324,
            0.322,
            0.33,
            0.318,
            0.328,
            0.336,
            0.334,
            0.308
        ]
    },
    "4": {
        "mean": 0.37700000000000006,
        "max": 0.394,
        "min": 0.348,
        "all": [
            0.376,
            0.372,
            0.382,
            0.382,
            0.39,
            0.382,
            0.348,
            0.358,
            0.394,
            0.386
        ]
    },
    "8": {
        "mean": 0.40120000000000006,
        "max": 0.414,
        "min": 0.39,
        "all": [
            0.406,
            0.396,
            0.392,
            0.396,
            0.39,
            0.406,
            0.414,
            0.394,
            0.414,
            0.404
        ]
    },
    "16": {
        "mean": 0.4236,
        "max": 0.434,
        "min": 0.408,
        "all": [
            0.424,
            0.408,
            0.418,
            0.422,
            0.426,
            0.432,
            0.426,
            0.434,
            0.416,
            0.43
        ]
    },
    "32": {
        "mean": 0.434,
        "max": 0.452,
        "min": 0.426,
        "all": [
            0.426,
            0.428,
            0.43,
            0.426,
            0.452,
            0.45,
            0.432,
            0.432,
            0.432,
            0.432
        ]
    },
    "64": {
        "mean": 0.45,
        "max": 0.456,
        "min": 0.444,
        "all": [
            0.45,
            0.454,
            0.45,
            0.454,
            0.456,
            0.45,
            0.452,
            0.444,
            0.446,
            0.444
        ]
    },
    "128": {
        "mean": 0.44580000000000003,
        "max": 0.458,
        "min": 0.436,
        "all": [
            0.448,
            0.44,
            0.458,
            0.45,
            0.45,
            0.438,
            0.448,
            0.448,
            0.436,
            0.442
        ]
    },
    "256": {
        "mean": 0.446,
        "max": 0.446,
        "min": 0.446,
        "all": [
            0.446,
            0.446,
            0.446,
            0.446,
            0.446,
            0.446,
            0.446,
            0.446,
            0.446,
            0.446
        ]
    }
}