{
    "1": {
        "mean": 0.2694,
        "max": 0.284,
        "min": 0.256,
        "all": [
            0.256,
            0.258,
            0.278,
            0.282,
            0.266,
            0.268,
            0.284,
            0.272,
            0.27,
            0.26
        ]
    },
    "2": {
        "mean": 0.2712,
        "max": 0.292,
        "min": 0.256,
        "all": [
            0.27,
            0.256,
            0.284,
            0.27,
            0.292,
            0.262,
            0.258,
            0.276,
            0.276,
            0.268
        ]
    },
    "4": {
        "mean": 0.3238,
        "max": 0.342,
        "min": 0.304,
        "all": [
            0.316,
            0.322,
            0.338,
            0.318,
            0.326,
            0.33,
            0.32,
            0.304,
            0.322,
            0.342
        ]
    },
    "8": {
        "mean": 0.3576,
        "max": 0.382,
        "min": 0.342,
        "all": [
            0.356,
            0.35,
            0.364,
            0.344,
            0.342,
            0.352,
            0.36,
            0.382,
            0.368,
            0.358
        ]
    },
    "16": {
        "mean": 0.3916,
        "max": 0.4,
        "min": 0.364,
        "all": [
            0.4,
            0.364,
            0.398,
            0.396,
            0.39,
            0.392,
            0.388,
            0.396,
            0.392,
            0.4
        ]
    },
    "32": {
        "mean": 0.39940000000000003,
        "max": 0.416,
        "min": 0.38,
        "all": [
            0.38,
            0.398,
            0.4,
            0.396,
            0.406,
            0.416,
            0.412,
            0.396,
            0.396,
            0.394
        ]
    },
    "64": {
        "mean": 0.40759999999999996,
        "max": 0.414,
        "min": 0.388,
        "all": [
            0.41,
            0.388,
            0.404,
            0.412,
            0.414,
            0.41,
            0.412,
            0.402,
            0.414,
            0.41
        ]
    },
    "128": {
        "mean": 0.4112,
        "max": 0.422,
        "min": 0.404,
        "all": [
            0.404,
            0.404,
            0.418,
            0.416,
            0.414,
            0.406,
            0.41,
            0.422,
            0.41,
            0.408
        ]
    },
    "256": {
        "mean": 0.41340000000000005,
        "max": 0.414,
        "min": 0.412,
        "all": [
            0.414,
            0.412,
            0.414,
            0.414,
            0.412,
            0.414,
            0.414,
            0.414,
            0.414,
            0.412
        ]
    }
}