{
    "1": {
        "mean": 0.2694,
        "max": 0.284,
        "min": 0.256,
        "all": [
            0.256,
            0.258,
            0.278,
            0.282,
            0.266,
            0.268,
            0.284,
            0.272,
            0.27,
            0.26
        ]
    },
    "2": {
        "mean": 0.33519999999999994,
        "max": 0.356,
        "min": 0.312,
        "all": [
            0.346,
            0.33,
            0.338,
            0.318,
            0.356,
            0.332,
            0.332,
            0.34,
            0.348,
            0.312
        ]
    },
    "4": {
        "mean": 0.3698,
        "max": 0.394,
        "min": 0.346,
        "all": [
            0.366,
            0.376,
            0.352,
            0.394,
            0.392,
            0.354,
            0.346,
            0.368,
            0.38,
            0.37
        ]
    },
    "8": {
        "mean": 0.38120000000000004,
        "max": 0.41,
        "min": 0.334,
        "all": [
            0.41,
            0.402,
            0.386,
            0.334,
            0.37,
            0.366,
            0.362,
            0.394,
            0.398,
            0.39
        ]
    },
    "16": {
        "mean": 0.37939999999999996,
        "max": 0.406,
        "min": 0.34,
        "all": [
            0.378,
            0.364,
            0.384,
            0.404,
            0.34,
            0.406,
            0.378,
            0.372,
            0.38,
            0.388
        ]
    },
    "32": {
        "mean": 0.384,
        "max": 0.404,
        "min": 0.36,
        "all": [
            0.4,
            0.362,
            0.392,
            0.404,
            0.36,
            0.38,
            0.376,
            0.39,
            0.388,
            0.388
        ]
    },
    "64": {
        "mean": 0.3606,
        "max": 0.4,
        "min": 0.328,
        "all": [
            0.358,
            0.328,
            0.37,
            0.338,
            0.386,
            0.4,
            0.376,
            0.358,
            0.354,
            0.338
        ]
    },
    "128": {
        "mean": 0.33399999999999996,
        "max": 0.354,
        "min": 0.312,
        "all": [
            0.346,
            0.354,
            0.312,
            0.322,
            0.332,
            0.344,
            0.324,
            0.344,
            0.334,
            0.328
        ]
    },
    "256": {
        "mean": 0.2974,
        "max": 0.302,
        "min": 0.294,
        "all": [
            0.296,
            0.302,
            0.298,
            0.294,
            0.298,
            0.296,
            0.3,
            0.298,
            0.294,
            0.298
        ]
    }
}