{
    "1": {
        "mean": 0.2694,
        "max": 0.284,
        "min": 0.256,
        "all": [
            0.256,
            0.258,
            0.278,
            0.282,
            0.266,
            0.268,
            0.284,
            0.272,
            0.27,
            0.26
        ]
    },
    "2": {
        "mean": 0.32659999999999995,
        "max": 0.352,
        "min": 0.304,
        "all": [
            0.318,
            0.328,
            0.324,
            0.308,
            0.348,
            0.326,
            0.322,
            0.336,
            0.352,
            0.304
        ]
    },
    "4": {
        "mean": 0.368,
        "max": 0.392,
        "min": 0.338,
        "all": [
            0.382,
            0.366,
            0.364,
            0.38,
            0.378,
            0.338,
            0.344,
            0.366,
            0.392,
            0.37
        ]
    },
    "8": {
        "mean": 0.37920000000000004,
        "max": 0.414,
        "min": 0.336,
        "all": [
            0.414,
            0.386,
            0.394,
            0.336,
            0.382,
            0.356,
            0.372,
            0.38,
            0.382,
            0.39
        ]
    },
    "16": {
        "mean": 0.38380000000000003,
        "max": 0.41,
        "min": 0.334,
        "all": [
            0.406,
            0.358,
            0.388,
            0.41,
            0.334,
            0.408,
            0.392,
            0.366,
            0.382,
            0.394
        ]
    },
    "32": {
        "mean": 0.3882,
        "max": 0.41,
        "min": 0.374,
        "all": [
            0.378,
            0.374,
            0.374,
            0.41,
            0.384,
            0.386,
            0.392,
            0.4,
            0.388,
            0.396
        ]
    },
    "64": {
        "mean": 0.3902,
        "max": 0.416,
        "min": 0.364,
        "all": [
            0.382,
            0.364,
            0.396,
            0.396,
            0.416,
            0.392,
            0.374,
            0.398,
            0.396,
            0.388
        ]
    },
    "128": {
        "mean": 0.3742,
        "max": 0.386,
        "min": 0.358,
        "all": [
            0.378,
            0.374,
            0.372,
            0.358,
            0.382,
            0.382,
            0.364,
            0.386,
            0.382,
            0.364
        ]
    },
    "256": {
        "mean": 0.362,
        "max": 0.362,
        "min": 0.362,
        "all": [
            0.362,
            0.362,
            0.362,
            0.362,
            0.362,
            0.362,
            0.362,
            0.362,
            0.362,
            0.362
        ]
    }
}