{
    "1": {
        "mean": 0.2694,
        "max": 0.284,
        "min": 0.256,
        "all": [
            0.256,
            0.258,
            0.278,
            0.282,
            0.266,
            0.268,
            0.284,
            0.272,
            0.27,
            0.26
        ]
    },
    "2": {
        "mean": 0.33259999999999995,
        "max": 0.348,
        "min": 0.31,
        "all": [
            0.346,
            0.33,
            0.33,
            0.318,
            0.346,
            0.328,
            0.332,
            0.338,
            0.348,
            0.31
        ]
    },
    "4": {
        "mean": 0.36619999999999997,
        "max": 0.392,
        "min": 0.346,
        "all": [
            0.368,
            0.368,
            0.352,
            0.392,
            0.39,
            0.346,
            0.346,
            0.366,
            0.372,
            0.362
        ]
    },
    "8": {
        "mean": 0.3758,
        "max": 0.398,
        "min": 0.334,
        "all": [
            0.398,
            0.384,
            0.374,
            0.334,
            0.364,
            0.368,
            0.364,
            0.388,
            0.398,
            0.386
        ]
    },
    "16": {
        "mean": 0.36719999999999997,
        "max": 0.398,
        "min": 0.326,
        "all": [
            0.37,
            0.354,
            0.374,
            0.388,
            0.326,
            0.398,
            0.362,
            0.368,
            0.36,
            0.372
        ]
    },
    "32": {
        "mean": 0.36160000000000003,
        "max": 0.382,
        "min": 0.34,
        "all": [
            0.368,
            0.36,
            0.368,
            0.382,
            0.34,
            0.358,
            0.354,
            0.364,
            0.352,
            0.37
        ]
    },
    "64": {
        "mean": 0.3302,
        "max": 0.366,
        "min": 0.302,
        "all": [
            0.336,
            0.302,
            0.332,
            0.316,
            0.352,
            0.366,
            0.328,
            0.332,
            0.328,
            0.31
        ]
    },
    "128": {
        "mean": 0.29579999999999995,
        "max": 0.306,
        "min": 0.284,
        "all": [
            0.306,
            0.302,
            0.292,
            0.296,
            0.296,
            0.298,
            0.296,
            0.302,
            0.284,
            0.286
        ]
    },
    "256": {
        "mean": 0.2646,
        "max": 0.27,
        "min": 0.258,
        "all": [
            0.258,
            0.266,
            0.266,
            0.27,
            0.262,
            0.27,
            0.268,
            0.264,
            0.264,
            0.258
        ]
    }
}