{
    "1": {
        "mean": 0.2694,
        "max": 0.284,
        "min": 0.256,
        "all": [
            0.256,
            0.258,
            0.278,
            0.282,
            0.266,
            0.268,
            0.284,
            0.272,
            0.27,
            0.26
        ]
    },
    "2": {
        "mean": 0.3146,
        "max": 0.328,
        "min": 0.29,
        "all": [
            0.324,
            0.312,
            0.322,
            0.306,
            0.328,
            0.308,
            0.318,
            0.318,
            0.32,
            0.29
        ]
    },
    "4": {
        "mean": 0.35219999999999996,
        "max": 0.362,
        "min": 0.338,
        "all": [
            0.354,
            0.34,
            0.35,
            0.354,
            0.362,
            0.354,
            0.338,
            0.362,
            0.36,
            0.348
        ]
    },
    "8": {
        "mean": 0.376,
        "max": 0.394,
        "min": 0.36,
        "all": [
            0.388,
            0.362,
            0.378,
            0.366,
            0.36,
            0.376,
            0.374,
            0.39,
            0.394,
            0.372
        ]
    },
    "16": {
        "mean": 0.40659999999999996,
        "max": 0.42,
        "min": 0.394,
        "all": [
            0.416,
            0.394,
            0.414,
            0.4,
            0.41,
            0.402,
            0.394,
            0.42,
            0.404,
            0.412
        ]
    },
    "32": {
        "mean": 0.41580000000000006,
        "max": 0.432,
        "min": 0.402,
        "all": [
            0.402,
            0.412,
            0.41,
            0.414,
            0.422,
            0.432,
            0.424,
            0.414,
            0.416,
            0.412
        ]
    },
    "64": {
        "mean": 0.4218,
        "max": 0.434,
        "min": 0.404,
        "all": [
            0.422,
            0.404,
            0.41,
            0.422,
            0.434,
            0.434,
            0.426,
            0.426,
            0.422,
            0.418
        ]
    },
    "128": {
        "mean": 0.4248,
        "max": 0.438,
        "min": 0.418,
        "all": [
            0.424,
            0.418,
            0.418,
            0.434,
            0.428,
            0.418,
            0.424,
            0.438,
            0.428,
            0.418
        ]
    },
    "256": {
        "mean": 0.422,
        "max": 0.422,
        "min": 0.422,
        "all": [
            0.422,
            0.422,
            0.422,
            0.422,
            0.422,
            0.422,
            0.422,
            0.422,
            0.422,
            0.422
        ]
    }
}