{
    "1": {
        "mean": 0.2694,
        "max": 0.284,
        "min": 0.256,
        "all": [
            0.256,
            0.258,
            0.278,
            0.282,
            0.266,
            0.268,
            0.284,
            0.272,
            0.27,
            0.26
        ]
    },
    "2": {
        "mean": 0.3146,
        "max": 0.33,
        "min": 0.302,
        "all": [
            0.308,
            0.312,
            0.318,
            0.302,
            0.324,
            0.304,
            0.322,
            0.33,
            0.322,
            0.304
        ]
    },
    "4": {
        "mean": 0.3544,
        "max": 0.366,
        "min": 0.328,
        "all": [
            0.344,
            0.35,
            0.366,
            0.362,
            0.366,
            0.354,
            0.328,
            0.346,
            0.366,
            0.362
        ]
    },
    "8": {
        "mean": 0.37820000000000004,
        "max": 0.394,
        "min": 0.36,
        "all": [
            0.38,
            0.36,
            0.38,
            0.36,
            0.378,
            0.37,
            0.378,
            0.392,
            0.394,
            0.39
        ]
    },
    "16": {
        "mean": 0.4096,
        "max": 0.426,
        "min": 0.394,
        "all": [
            0.402,
            0.394,
            0.418,
            0.4,
            0.404,
            0.41,
            0.414,
            0.412,
            0.416,
            0.426
        ]
    },
    "32": {
        "mean": 0.417,
        "max": 0.428,
        "min": 0.402,
        "all": [
            0.416,
            0.41,
            0.402,
            0.42,
            0.428,
            0.426,
            0.428,
            0.406,
            0.412,
            0.422
        ]
    },
    "64": {
        "mean": 0.42800000000000005,
        "max": 0.436,
        "min": 0.42,
        "all": [
            0.436,
            0.42,
            0.43,
            0.43,
            0.432,
            0.432,
            0.422,
            0.434,
            0.424,
            0.42
        ]
    },
    "128": {
        "mean": 0.4274,
        "max": 0.438,
        "min": 0.42,
        "all": [
            0.43,
            0.422,
            0.428,
            0.432,
            0.42,
            0.422,
            0.422,
            0.436,
            0.424,
            0.438
        ]
    },
    "256": {
        "mean": 0.438,
        "max": 0.438,
        "min": 0.438,
        "all": [
            0.438,
            0.438,
            0.438,
            0.438,
            0.438,
            0.438,
            0.438,
            0.438,
            0.438,
            0.438
        ]
    }
}