{
    "1": {
        "mean": 0.2694,
        "max": 0.284,
        "min": 0.256,
        "all": [
            0.256,
            0.258,
            0.278,
            0.282,
            0.266,
            0.268,
            0.284,
            0.272,
            0.27,
            0.26
        ]
    },
    "2": {
        "mean": 0.31299999999999994,
        "max": 0.324,
        "min": 0.3,
        "all": [
            0.312,
            0.314,
            0.308,
            0.3,
            0.324,
            0.308,
            0.322,
            0.314,
            0.324,
            0.304
        ]
    },
    "4": {
        "mean": 0.34680000000000005,
        "max": 0.362,
        "min": 0.324,
        "all": [
            0.354,
            0.334,
            0.346,
            0.356,
            0.36,
            0.334,
            0.324,
            0.34,
            0.358,
            0.362
        ]
    },
    "8": {
        "mean": 0.368,
        "max": 0.384,
        "min": 0.354,
        "all": [
            0.384,
            0.356,
            0.382,
            0.358,
            0.366,
            0.356,
            0.354,
            0.374,
            0.382,
            0.368
        ]
    },
    "16": {
        "mean": 0.3902,
        "max": 0.4,
        "min": 0.376,
        "all": [
            0.392,
            0.376,
            0.398,
            0.388,
            0.382,
            0.396,
            0.382,
            0.4,
            0.39,
            0.398
        ]
    },
    "32": {
        "mean": 0.40280000000000005,
        "max": 0.416,
        "min": 0.39,
        "all": [
            0.39,
            0.414,
            0.392,
            0.396,
            0.406,
            0.416,
            0.41,
            0.394,
            0.398,
            0.412
        ]
    },
    "64": {
        "mean": 0.41059999999999997,
        "max": 0.418,
        "min": 0.396,
        "all": [
            0.418,
            0.396,
            0.41,
            0.416,
            0.418,
            0.418,
            0.404,
            0.414,
            0.404,
            0.408
        ]
    },
    "128": {
        "mean": 0.4112,
        "max": 0.42,
        "min": 0.406,
        "all": [
            0.406,
            0.41,
            0.41,
            0.414,
            0.416,
            0.406,
            0.412,
            0.406,
            0.412,
            0.42
        ]
    },
    "256": {
        "mean": 0.414,
        "max": 0.414,
        "min": 0.414,
        "all": [
            0.414,
            0.414,
            0.414,
            0.414,
            0.414,
            0.414,
            0.414,
            0.414,
            0.414,
            0.414
        ]
    }
}