{
    "1": {
        "mean": 0.2694,
        "max": 0.284,
        "min": 0.256,
        "all": [
            0.256,
            0.258,
            0.278,
            0.282,
            0.266,
            0.268,
            0.284,
            0.272,
            0.27,
            0.26
        ]
    },
    "2": {
        "mean": 0.3146,
        "max": 0.33,
        "min": 0.302,
        "all": [
            0.308,
            0.312,
            0.318,
            0.302,
            0.324,
            0.304,
            0.322,
            0.33,
            0.322,
            0.304
        ]
    },
    "4": {
        "mean": 0.33659999999999995,
        "max": 0.354,
        "min": 0.32,
        "all": [
            0.32,
            0.344,
            0.344,
            0.354,
            0.338,
            0.332,
            0.32,
            0.326,
            0.352,
            0.336
        ]
    },
    "8": {
        "mean": 0.3358,
        "max": 0.352,
        "min": 0.312,
        "all": [
            0.35,
            0.312,
            0.34,
            0.316,
            0.336,
            0.322,
            0.338,
            0.352,
            0.342,
            0.35
        ]
    },
    "16": {
        "mean": 0.3356,
        "max": 0.374,
        "min": 0.306,
        "all": [
            0.306,
            0.316,
            0.342,
            0.328,
            0.344,
            0.348,
            0.336,
            0.326,
            0.336,
            0.374
        ]
    },
    "32": {
        "mean": 0.31699999999999995,
        "max": 0.346,
        "min": 0.288,
        "all": [
            0.318,
            0.306,
            0.314,
            0.346,
            0.332,
            0.308,
            0.324,
            0.32,
            0.288,
            0.314
        ]
    },
    "64": {
        "mean": 0.2966,
        "max": 0.308,
        "min": 0.278,
        "all": [
            0.304,
            0.302,
            0.29,
            0.306,
            0.302,
            0.294,
            0.302,
            0.308,
            0.28,
            0.278
        ]
    },
    "128": {
        "mean": 0.27260000000000006,
        "max": 0.294,
        "min": 0.26,
        "all": [
            0.266,
            0.26,
            0.26,
            0.272,
            0.27,
            0.294,
            0.268,
            0.276,
            0.28,
            0.28
        ]
    },
    "256": {
        "mean": 0.25600000000000006,
        "max": 0.256,
        "min": 0.256,
        "all": [
            0.256,
            0.256,
            0.256,
            0.256,
            0.256,
            0.256,
            0.256,
            0.256,
            0.256,
            0.256
        ]
    }
}