{
    "1": {
        "mean": 0.2694,
        "max": 0.284,
        "min": 0.256,
        "all": [
            0.256,
            0.258,
            0.278,
            0.282,
            0.266,
            0.268,
            0.284,
            0.272,
            0.27,
            0.26
        ]
    },
    "2": {
        "mean": 0.31299999999999994,
        "max": 0.324,
        "min": 0.3,
        "all": [
            0.312,
            0.314,
            0.308,
            0.3,
            0.324,
            0.308,
            0.322,
            0.314,
            0.324,
            0.304
        ]
    },
    "4": {
        "mean": 0.3206,
        "max": 0.336,
        "min": 0.306,
        "all": [
            0.322,
            0.31,
            0.33,
            0.336,
            0.334,
            0.308,
            0.306,
            0.31,
            0.324,
            0.326
        ]
    },
    "8": {
        "mean": 0.3068,
        "max": 0.332,
        "min": 0.286,
        "all": [
            0.332,
            0.298,
            0.324,
            0.304,
            0.304,
            0.292,
            0.286,
            0.304,
            0.31,
            0.314
        ]
    },
    "16": {
        "mean": 0.27859999999999996,
        "max": 0.3,
        "min": 0.258,
        "all": [
            0.258,
            0.258,
            0.278,
            0.284,
            0.27,
            0.288,
            0.292,
            0.29,
            0.268,
            0.3
        ]
    },
    "32": {
        "mean": 0.2592,
        "max": 0.272,
        "min": 0.246,
        "all": [
            0.272,
            0.258,
            0.258,
            0.264,
            0.252,
            0.272,
            0.268,
            0.252,
            0.25,
            0.246
        ]
    },
    "64": {
        "mean": 0.21480000000000002,
        "max": 0.244,
        "min": 0.2,
        "all": [
            0.214,
            0.208,
            0.216,
            0.214,
            0.2,
            0.21,
            0.21,
            0.222,
            0.244,
            0.21
        ]
    },
    "128": {
        "mean": 0.1848,
        "max": 0.194,
        "min": 0.172,
        "all": [
            0.182,
            0.194,
            0.184,
            0.178,
            0.172,
            0.176,
            0.19,
            0.19,
            0.19,
            0.192
        ]
    },
    "256": {
        "mean": 0.15599999999999997,
        "max": 0.156,
        "min": 0.156,
        "all": [
            0.156,
            0.156,
            0.156,
            0.156,
            0.156,
            0.156,
            0.156,
            0.156,
            0.156,
            0.156
        ]
    }
}